id,displayText,tags,isNSFW
the,the,common,False
to,to,common,False
and,and,common,False
of,of,common,False
a,a,common,False
in,in,common,False
i,i,common,False
is,is,common,False
for,for,common,False
that,that,common,False
you,you,common,False
it,it,common,False
on,on,common,False
with,with,common,False
this,this,common,False
was,was,common,False
be,be,common,False
as,as,common,False
are,are,common,False
have,have,common,False
at,at,common,False
he,he,common,False
not,not,common,False
by,by,common,False
but,but,common,False
from,from,common,False
my,my,common,False
or,or,common,False
we,we,common,False
an,an,common,False
your,your,common,False
all,all,common,False
so,so,common,False
his,his,common,False
they,they,common,False
me,me,common,False
if,if,common,False
one,one,common,False
can,can,common,False
will,will,common,False
just,just,common,False
like,like,common,False
about,about,common,False
up,up,common,False
out,out,common,False
what,what,common,False
has,has,common,False
when,when,common,False
more,more,common,False
do,do,common,False
no,no,common,False
were,were,common,False
who,who,common,False
had,had,common,False
their,their,common,False
there,there,common,False
her,her,common,False
which,which,common,False
time,time,common,False
get,get,common,False
been,been,common,False
would,would,common,False
she,she,common,False
new,new,common,False
people,people,common,False
how,how,common,False
some,some,common,False
also,also,common,False
them,them,common,False
now,now,common,False
other,other,common,False
its,its,common,False
our,our,common,False
than,than,common,False
good,good,common,False
only,only,common,False
after,after,common,False
first,first,common,False
him,him,common,False
into,into,common,False
know,know,common,False
see,see,common,False
two,two,common,False
make,make,common,False
over,over,common,False
think,think,common,False
any,any,common,False
then,then,common,False
could,could,common,False
back,back,common,False
these,these,common,False
us,us,common,False
want,want,common,False
because,because,common,False
go,go,common,False
well,well,common,False
said,said,common,False
way,way,common,False
most,most,common,False
much,much,common,False
very,very,common,False
where,where,common,False
even,even,common,False
should,should,common,False
may,may,common,False
here,here,common,False
need,need,common,False
really,really,common,False
did,did,common,False
right,right,common,False
work,work,common,False
year,year,common,False
years,years,common,False
being,being,common,False
day,day,common,False
too,too,common,False
going,going,common,False
before,before,common,False
off,off,common,False
why,why,common,False
made,made,common,False
still,still,common,False
take,take,common,False
got,got,common,False
many,many,common,False
never,never,common,False
those,those,common,False
life,life,common,False
say,say,common,False
world,world,common,False
down,down,common,False
great,great,common,False
through,through,common,False
last,last,common,False
while,while,common,False
best,best,common,False
such,such,common,False
love,love,common,False
man,man,common,False
home,home,common,False
long,long,common,False
look,look,common,False
something,something,common,False
use,use,common,False
same,same,common,False
used,used,common,False
both,both,common,False
every,every,common,False
am,am,common,False
come,come,common,False
part,part,common,False
state,state,common,False
three,three,common,False
around,around,common,False
between,between,common,False
always,always,common,False
better,better,common,False
find,find,common,False
help,help,common,False
high,high,common,False
little,little,common,False
old,old,common,False
since,since,common,False
another,another,common,False
does,does,common,False
own,own,common,False
things,things,common,False
under,under,common,False
during,during,common,False
game,game,common,False
thing,thing,common,False
give,give,common,False
house,house,common,False
place,place,common,False
school,school,common,False
again,again,common,False
next,next,common,False
each,each,common,False
mr,mr,common,False
without,without,common,False
against,against,common,False
end,end,common,False
found,found,common,False
must,must,common,False
show,show,common,False
big,big,common,False
feel,feel,common,False
sure,sure,common,False
team,team,common,False
ever,ever,common,False
family,family,common,False
keep,keep,common,False
might,might,common,False
please,please,common,False
put,put,common,False
money,money,common,False
free,free,common,False
second,second,common,False
someone,someone,common,False
away,away,common,False
left,left,common,False
number,number,common,False
city,city,common,False
days,days,common,False
lot,lot,common,False
name,name,common,False
night,night,common,False
play,play,common,False
until,until,common,False
company,company,common,False
doing,doing,common,False
few,few,common,False
let,let,common,False
real,real,common,False
called,called,common,False
different,different,common,False
having,having,common,False
set,set,common,False
thought,thought,common,False
done,done,common,False
however,however,common,False
getting,getting,common,False
god,god,common,False
government,government,common,False
group,group,common,False
looking,looking,common,False
public,public,common,False
top,top,common,False
women,women,common,False
business,business,common,False
care,care,common,False
start,start,common,False
system,system,common,False
times,times,common,False
week,week,common,False
already,already,common,False
anything,anything,common,False
case,case,common,False
nothing,nothing,common,False
person,person,common,False
today,today,common,False
change,change,common,False
enough,enough,common,False
everything,everything,common,False
full,full,common,False
live,live,common,False
making,making,common,False
point,point,common,False
read,read,common,False
told,told,common,False
yet,yet,common,False
bad,bad,common,False
four,four,common,False
hard,hard,common,False
mean,mean,common,False
once,once,common,False
support,support,common,False
tell,tell,common,False
including,including,common,False
music,music,common,False
power,power,common,False
seen,seen,common,False
states,states,common,False
stop,stop,common,False
water,water,common,False
based,based,common,False
believe,believe,common,False
call,call,common,False
head,head,common,False
men,men,common,False
national,national,common,False
small,small,common,False
took,took,common,False
white,white,common,False
came,came,common,False
far,far,common,False
job,job,common,False
side,side,common,False
though,though,common,False
try,try,common,False
went,went,common,False
yes,yes,common,False
actually,actually,common,False
american,american,common,False
later,later,common,False
less,less,common,False
line,line,common,False
order,order,common,False
party,party,common,False
run,run,common,False
says,says,common,False
service,service,common,False
country,country,common,False
open,open,common,False
season,season,common,False
shit,shit,common,False
thank,thank,common,False
children,children,common,False
everyone,everyone,common,False
general,general,common,False
trying,trying,common,False
united,united,common,False
using,using,common,False
area,area,common,False
black,black,common,False
following,following,common,False
law,law,common,False
makes,makes,common,False
together,together,common,False
war,war,common,False
whole,whole,common,False
car,car,common,False
face,face,common,False
five,five,common,False
kind,kind,common,False
maybe,maybe,common,False
per,per,common,False
president,president,common,False
story,story,common,False
working,working,common,False
course,course,common,False
games,games,common,False
health,health,common,False
hope,hope,common,False
important,important,common,False
least,least,common,False
means,means,common,False
news,news,common,False
within,within,common,False
able,able,common,False
book,book,common,False
early,early,common,False
friends,friends,common,False
information,information,common,False
local,local,common,False
oh,oh,common,False
post,post,common,False
thanks,thanks,common,False
video,video,common,False
young,young,common,False
ago,ago,common,False
others,others,common,False
social,social,common,False
talk,talk,common,False
court,court,common,False
fact,fact,common,False
given,given,common,False
guys,guys,common,False
half,half,common,False
hand,hand,common,False
level,level,common,False
mind,mind,common,False
often,often,common,False
single,single,common,False
become,become,common,False
body,body,common,False
coming,coming,common,False
control,control,common,False
death,death,common,False
food,food,common,False
guy,guy,common,False
hours,hours,common,False
office,office,common,False
pay,pay,common,False
problem,problem,common,False
south,south,common,False
true,true,common,False
almost,almost,common,False
fuck,fuck,common,False
history,history,common,False
known,known,common,False
large,large,common,False
lost,lost,common,False
research,research,common,False
room,room,common,False
several,several,common,False
started,started,common,False
taking,taking,common,False
university,university,common,False
win,win,common,False
wrong,wrong,common,False
along,along,common,False
anyone,anyone,common,False
else,else,common,False
girl,girl,common,False
john,john,common,False
matter,matter,common,False
pretty,pretty,common,False
remember,remember,common,False
air,air,common,False
bit,bit,common,False
friend,friend,common,False
hit,hit,common,False
needs,needs,common,False
nice,nice,common,False
playing,playing,common,False
probably,probably,common,False
saying,saying,common,False
understand,understand,common,False
yeah,yeah,common,False
york,york,common,False
class,class,common,False
close,close,common,False
comes,comes,common,False
idea,idea,common,False
international,international,common,False
looks,looks,common,False
past,past,common,False
possible,possible,common,False
wanted,wanted,common,False
cause,cause,common,False
due,due,common,False
happy,happy,common,False
human,human,common,False
members,members,common,False
months,months,common,False
move,move,common,False
question,question,common,False
series,series,common,False
wait,wait,common,False
woman,woman,common,False
ask,ask,common,False
community,community,common,False
data,data,common,False
late,late,common,False
leave,leave,common,False
north,north,common,False
saw,saw,common,False
special,special,common,False
watch,watch,common,False
either,either,common,False
fucking,fucking,common,False
future,future,common,False
light,light,common,False
low,low,common,False
million,million,common,False
morning,morning,common,False
police,police,common,False
short,short,common,False
stay,stay,common,False
taken,taken,common,False
age,age,common,False
buy,buy,common,False
deal,deal,common,False
rather,rather,common,False
reason,reason,common,False
red,red,common,False
report,report,common,False
soon,soon,common,False
third,third,common,False
turn,turn,common,False
whether,whether,common,False
among,among,common,False
check,check,common,False
development,development,common,False
form,form,common,False
further,further,common,False
heart,heart,common,False
minutes,minutes,common,False
myself,myself,common,False
services,services,common,False
yourself,yourself,common,False
act,act,common,False
although,although,common,False
asked,asked,common,False
child,child,common,False
fire,fire,common,False
fun,fun,common,False
living,living,common,False
major,major,common,False
media,media,common,False
phone,phone,common,False
players,players,common,False
art,art,common,False
behind,behind,common,False
building,building,common,False
easy,easy,common,False
gonna,gonna,common,False
market,market,common,False
near,near,common,False
non,non,common,False
plan,plan,common,False
political,political,common,False
quite,quite,common,False
six,six,common,False
talking,talking,common,False
west,west,common,False
works,works,common,False
according,according,common,False
available,available,common,False
education,education,common,False
final,final,common,False
former,former,common,False
front,front,common,False
kids,kids,common,False
list,list,common,False
ready,ready,common,False
sometimes,sometimes,common,False
son,son,common,False
street,street,common,False
bring,bring,common,False
college,college,common,False
current,current,common,False
example,example,common,False
experience,experience,common,False
heard,heard,common,False
london,london,common,False
meet,meet,common,False
program,program,common,False
type,type,common,False
baby,baby,common,False
chance,chance,common,False
father,father,common,False
march,march,common,False
process,process,common,False
song,song,common,False
study,study,common,False
word,word,common,False
across,across,common,False
action,action,common,False
clear,clear,common,False
gave,gave,common,False
gets,gets,common,False
himself,himself,common,False
month,month,common,False
outside,outside,common,False
self,self,common,False
students,students,common,False
words,words,common,False
board,board,common,False
cost,cost,common,False
cut,cut,common,False
dr,dr,common,False
field,field,common,False
held,held,common,False
instead,instead,common,False
main,main,common,False
moment,moment,common,False
mother,mother,common,False
road,road,common,False
seems,seems,common,False
thinking,thinking,common,False
town,town,common,False
wants,wants,common,False
de,de,common,False
department,department,common,False
energy,energy,common,False
fight,fight,common,False
fine,fine,common,False
force,force,common,False
hear,hear,common,False
issue,issue,common,False
played,played,common,False
points,points,common,False
price,price,common,False
re,re,common,False
rest,rest,common,False
results,results,common,False
running,running,common,False
shows,shows,common,False
space,space,common,False
summer,summer,common,False
term,term,common,False
wife,wife,common,False
america,america,common,False
beautiful,beautiful,common,False
date,date,common,False
goes,goes,common,False
killed,killed,common,False
land,land,common,False
miss,miss,common,False
project,project,common,False
sex,sex,common,False
shot,shot,common,False
site,site,common,False
strong,strong,common,False
account,account,common,False
co,co,common,False
especially,especially,common,False
eyes,eyes,common,False
include,include,common,False
june,june,common,False
parents,parents,common,False
period,period,common,False
position,position,common,False
record,record,common,False
similar,similar,common,False
total,total,common,False
above,above,common,False
club,club,common,False
common,common,common,False
died,died,common,False
film,film,common,False
happened,happened,common,False
knew,knew,common,False
lead,lead,common,False
likely,likely,common,False
military,military,common,False
perfect,perfect,common,False
personal,personal,common,False
security,security,common,False
share,share,common,False
st,st,common,False
tv,tv,common,False
won,won,common,False
april,april,common,False
center,center,common,False
county,county,common,False
couple,couple,common,False
dead,dead,common,False
english,english,common,False
happen,happen,common,False
hold,hold,common,False
industry,industry,common,False
inside,inside,common,False
issues,issues,common,False
online,online,common,False
player,player,common,False
private,private,common,False
problems,problems,common,False
return,return,common,False
rights,rights,common,False
sense,sense,common,False
star,star,common,False
test,test,common,False
view,view,common,False
weeks,weeks,common,False
break,break,common,False
british,british,common,False
companies,companies,common,False
event,event,common,False
higher,higher,common,False
hour,hour,common,False
member,member,common,False
middle,middle,common,False
needed,needed,common,False
present,present,common,False
result,result,common,False
sorry,sorry,common,False
takes,takes,common,False
training,training,common,False
wish,wish,common,False
answer,answer,common,False
boy,boy,common,False
design,design,common,False
finally,finally,common,False
girls,girls,common,False
gold,gold,common,False
gone,gone,common,False
guess,guess,common,False
interest,interest,common,False
july,july,common,False
king,king,common,False
learn,learn,common,False
policy,policy,common,False
society,society,common,False
added,added,common,False
al,al,common,False
alone,alone,common,False
average,average,common,False
bank,bank,common,False
brought,brought,common,False
certain,certain,common,False
church,church,common,False
east,east,common,False
hands,hands,common,False
hot,hot,common,False
longer,longer,common,False
medical,medical,common,False
movie,movie,common,False
original,original,common,False
park,park,common,False
performance,performance,common,False
press,press,common,False
received,received,common,False
role,role,common,False
sent,sent,common,False
themselves,themselves,common,False
tried,tried,common,False
worked,worked,common,False
worth,worth,common,False
areas,areas,common,False
became,became,common,False
bill,bill,common,False
books,books,common,False
cool,cool,common,False
director,director,common,False
exactly,exactly,common,False
giving,giving,common,False
ground,ground,common,False
meeting,meeting,common,False
provide,provide,common,False
questions,questions,common,False
relationship,relationship,common,False
september,september,common,False
sound,sound,common,False
source,source,common,False
usually,usually,common,False
value,value,common,False
evidence,evidence,common,False
follow,follow,common,False
lives,lives,common,False
official,official,common,False
ok,ok,common,False
production,production,common,False
rate,rate,common,False
reading,reading,common,False
round,round,common,False
save,save,common,False
stand,stand,common,False
stuff,stuff,common,False
tax,tax,common,False
whatever,whatever,common,False
amount,amount,common,False
blue,blue,common,False
countries,countries,common,False
david,david,common,False
drive,drive,common,False
eat,eat,common,False
fall,fall,common,False
fast,fast,common,False
federal,federal,common,False
feeling,feeling,common,False
felt,felt,common,False
green,green,common,False
league,league,common,False
management,management,common,False
match,match,common,False
model,model,common,False
picture,picture,common,False
size,size,common,False
step,step,common,False
trust,trust,common,False
central,central,common,False
changes,changes,common,False
england,england,common,False
forward,forward,common,False
groups,groups,common,False
hey,hey,common,False
key,key,common,False
mom,mom,common,False
page,page,common,False
paid,paid,common,False
range,range,common,False
review,review,common,False
science,science,common,False
trade,trade,common,False
uk,uk,common,False
upon,upon,common,False
various,various,common,False
attention,attention,common,False
brother,brother,common,False
cannot,cannot,common,False
character,character,common,False
chief,chief,common,False
cup,cup,common,False
football,football,common,False
hate,hate,common,False
james,james,common,False
led,led,common,False
looked,looked,common,False
lower,lower,common,False
natural,natural,common,False
october,october,common,False
property,property,common,False
quality,quality,common,False
send,send,common,False
style,style,common,False
vote,vote,common,False
amazing,amazing,common,False
august,august,common,False
blood,blood,common,False
china,china,common,False
complete,complete,common,False
dog,dog,common,False
economic,economic,common,False
hell,hell,common,False
involved,involved,common,False
itself,itself,common,False
language,language,common,False
lord,lord,common,False
november,november,common,False
oil,oil,common,False
related,related,common,False
serious,serious,common,False
stage,stage,common,False
terms,terms,common,False
title,title,common,False
add,add,common,False
article,article,common,False
attack,attack,common,False
born,born,common,False
damn,damn,common,False
decided,decided,common,False
decision,decision,common,False
enjoy,enjoy,common,False
entire,entire,common,False
french,french,common,False
january,january,common,False
kill,kill,common,False
met,met,common,False
perhaps,perhaps,common,False
poor,poor,common,False
release,release,common,False
situation,situation,common,False
technology,technology,common,False
turned,turned,common,False
website,website,common,False
written,written,common,False
choice,choice,common,False
code,code,common,False
considered,considered,common,False
continue,continue,common,False
council,council,common,False
cover,cover,common,False
currently,currently,common,False
door,door,common,False
election,election,common,False
european,european,common,False
events,events,common,False
financial,financial,common,False
foreign,foreign,common,False
hair,hair,common,False
increase,increase,common,False
legal,legal,common,False
lose,lose,common,False
michael,michael,common,False
pick,pick,common,False
race,race,common,False
seem,seem,common,False
seven,seven,common,False
sign,sign,common,False
simple,simple,common,False
simply,simply,common,False
staff,staff,common,False
super,super,common,False
union,union,common,False
walk,walk,common,False
washington,washington,common,False
bed,bed,common,False
began,began,common,False
built,built,common,False
career,career,common,False
changed,changed,common,False
crazy,crazy,common,False
daily,daily,common,False
daughter,daughter,common,False
december,december,common,False
die,die,common,False
difficult,difficult,common,False
figure,figure,common,False
hospital,hospital,common,False
knows,knows,common,False
loss,loss,common,False
modern,modern,common,False
ones,ones,common,False
paper,paper,common,False
parts,parts,common,False
popular,popular,common,False
published,published,common,False
safe,safe,common,False
starting,starting,common,False
systems,systems,common,False
version,version,common,False
voice,voice,common,False
whose,whose,common,False
writing,writing,common,False
army,army,common,False
australia,australia,common,False
earth,earth,common,False
forget,forget,common,False
goal,goal,common,False
huge,huge,common,False
internet,internet,common,False
listen,listen,common,False
okay,okay,common,False
practice,practice,common,False
rules,rules,common,False
sea,sea,common,False
sir,sir,common,False
success,success,common,False
towards,towards,common,False
waiting,waiting,common,False
ways,ways,common,False
access,access,common,False
base,base,common,False
below,below,common,False
created,created,common,False
deep,deep,common,False
followed,followed,common,False
la,la,common,False
lol,lol,common,False
mark,mark,common,False
missing,missing,common,False
offer,offer,common,False
pass,pass,common,False
professional,professional,common,False
released,released,common,False
risk,risk,common,False
schools,schools,common,False
sleep,sleep,common,False
table,table,common,False
ten,ten,common,False
truth,truth,common,False
ball,ball,common,False
box,box,common,False
build,build,common,False
card,card,common,False
cases,cases,common,False
dark,dark,common,False
district,district,common,False
europe,europe,common,False
george,george,common,False
india,india,common,False
mine,mine,common,False
minister,minister,common,False
note,note,common,False
percent,percent,common,False
piece,piece,common,False
products,products,common,False
recent,recent,common,False
seeing,seeing,common,False
straight,straight,common,False
visit,visit,common,False
wall,wall,common,False
wanna,wanna,common,False
wrote,wrote,common,False
allowed,allowed,common,False
boys,boys,common,False
culture,culture,common,False
etc,etc,common,False
fans,fans,common,False
february,february,common,False
gives,gives,common,False
growth,growth,common,False
included,included,common,False
married,married,common,False
officer,officer,common,False
pain,pain,common,False
paul,paul,common,False
places,places,common,False
respect,respect,common,False
response,response,common,False
squidface,Squidface,appearance;personality,False
soggybottom,Soggybottom,appearance;hygiene,False
goblinbreath,Goblinbreath,smell;personality,False
slimeball,Slimeball,appearance;personality,False
moldysocks,Moldysocks,hygiene;smell,False
jellybelly,Jellybelly,appearance;personality,False
dirtbag,Dirtbag,hygiene;personality,False
ratface,Ratface,appearance;personality,False
mushbrain,Mushbrain,intelligence;personality,False
wartnose,Wartnose,appearance;personality,False
slopbucket,Slopbucket,hygiene;personality,False
toadstool,Toadstool,appearance;personality,False
grimegrin,Grimegrin,hygiene;personality,False
fungusbreath,Fungusbreath,smell;personality,False
lardbutt,Lardbutt,appearance;personality,False
maggotbrain,Maggotbrain,intelligence;personality,False
snotnose,Snotnose,appearance;personality,False
sludgeface,Sludgeface,appearance;personality,False
boogerbrain,Boogerbrain,intelligence;personality,False
goober,Goober,appearance;personality,False
crudmuffin,Crudmuffin,hygiene;personality,False
scuzzbucket,Scuzzbucket,hygiene;personality,False
loserface,Loserface,appearance;personality,False
droolfang,Droolfang,appearance;personality,False
moldymouth,Moldymouth,hygiene;smell,False
snotrocket,Snotrocket,hygiene;personality,False
gunkface,Gunkface,appearance;personality,False
wormtongue,Wormtongue,personality;intelligence,False
fungusfoot,Fungusfoot,hygiene;appearance,False
slopface,Slopface,hygiene;appearance,False
maggotmouth,Maggotmouth,hygiene;smell,False
boogerbreath,Boogerbreath,smell;personality,False
snotgobbler,Snotgobbler,hygiene;personality,False
gooberbrain,Gooberbrain,intelligence;personality,False
crudmuncher,Crudmuncher,hygiene;personality,False
